Izena,Deskribapena,Prezioa,Stock,KategoriaID,IrudiaURL
Fjallraven - Foldsack No. 1 Backpack Fits 15 Laptops,Your perfect pack for everyday use and walks in the forest.,109.95,100,1,null
Mens Casual Premium Slim Fit T-Shirts,Slim-fitting style contrast raglan long sleeve...,22.3,100,1,null
Mens Cotton Jacket,Great outerwear jackets for Spring/Autumn/Winter...,55.99,100,1,null
Mens Casual Slim Fit,The color could be slightly different between on the screen and in practice.,15.99,100,1,null
John Hardy Women's Legends Naga Gold & Silver Dragon Bracelet,From our Legends Collection inspired by the mythical water dragon.,695.00,100,2,null
Solid Gold Petite Micropave,Satisfaction Guaranteed. Return or exchange any order within 30 days.,168.00,100,2,null
White Gold Plated Princess,Classic Created Wedding Engagement Solitaire Diamond Promise Ring.,9.99,100,2,null
Pierced Owl Rose Gold Plated Stainless Steel Double,Rose Gold Plated Double Flared Tunnel Plug Earrings.,10.99,100,2,null
WD 2TB Elements Portable External Hard Drive - USB 3.0,USB 3.0 and USB 2.0 Compatibility Fast data transfers.,64.00,100,3,null
SanDisk SSD PLUS 1TB Internal SSD - SATA III 6 Gb/s,Easy upgrade for faster boot up shutdown application load.,109.00,100,3,null
Silicon Power 256GB SSD 3D NAND A55,3D NAND flash are applied to deliver high transfer speeds.,109.00,100,3,null
WD 4TB Gaming Drive Works with Playstation 4,Expand your PS4 gaming experience Play anywhere Fast and easy.,114.00,100,3,null
Acer SB220Q bi 21.5 inches Full HD IPS,21.5 inches Full HD widescreen IPS display.,599.00,100,3,null
Samsung 49-Inch CHG90 144Hz Curved Gaming Monitor,49 INCH SUPER ULTRAWIDE 32:9 CURVED GAMING MONITOR.,999.99,100,3,null
BIYLACLESEN Women's 3-in-1 Snowboard Jacket,Material: 100% Polyester; Detachable Liner Fabric: Warm Fleece.,56.99,100,4,null
Lock and Love Women's Removable Hooded Jacket,Faux leather material for style and comfort.,29.95,100,4,null
Rain Jacket Women Windbreaker Striped Climbing Raincoats,Lightweight perfect for trip or casual wear.,39.99,100,4,null
MBJ Women's Solid Short Sleeve Boat Neck V,95% RAYON 5% SPANDEX Lightweight fabric with great stretch.,9.85,100,4,null
Opna Women's Short Sleeve Moisture,100% cationic polyester interlock Machine Wash & Pre Shrunk.,7.95,100,4,null
DANVOUY Womens T Shirt Casual Cotton Short,95% Cotton 5% Spandex soft and has some stretch.,12.99,100,4,null